Area_Name,avg_congestion_level
Koramangala,93.9855355489289
M.G. Road,90.57966997653624
Indiranagar,87.64189017872478
Hebbal,80.08724424864117
Jayanagar,76.99832387064018
