Area_Name,avg_public_transport_usage,avg_congestion_level
Koramangala,45.90185752572202,93.9855355489289
M.G. Road,45.43678321114069,90.57966997653624
Indiranagar,44.91565542054731,87.64189017872478
Hebbal,44.43814073361848,80.08724424864117
Jayanagar,43.98167277886536,76.99832387064018
